Time;128;256;512
2017-04-18T19:00:00.000Z;5.048535095;5.5315845605;5.1014833295
2017-04-18T19:30:00.000Z;5.0314905505;5.427482060833333;5.131389419166667
2017-04-18T20:00:00.000Z;5.041044625833334;5.466105009666666;5.2050297798333345
2017-04-18T20:30:00.000Z;5.022604734000001;5.409886307333333;5.3947991935
2017-04-18T21:00:00.000Z;5.028684708;5.342441723166666;5.499228771333333
2017-04-18T21:30:00.000Z;5.030977789833334;5.5255538343333335;5.177254646666667
2017-04-18T22:00:00.000Z;5.029452425;5.358176339499999;5.424584078
2017-04-18T22:30:00.000Z;5.021802104333333;5.447562369833332;5.2816979925
2017-04-18T23:00:00.000Z;5.023057231166667;5.340499178833333;5.157442140166666
2017-04-18T23:30:00.000Z;5.0307844015;5.084866808;5.049633918
2017-04-19T00:00:00.000Z;5.021922711666667;5.029217641333333;5.0206120678333335
2017-04-19T00:30:00.000Z;5.033988242666666;5.026269980666666;5.026020619500001
2017-04-19T01:00:00.000Z;5.035343581333334;5.0312711960000005;5.023412225166667
2017-04-19T01:30:00.000Z;5.043330376166666;5.044335762333334;5.0591907769999995
2017-04-19T02:00:00.000Z;5.024192448;5.0337684283333335;5.030295685333333
2017-04-19T02:30:00.000Z;5.019656857833333;5.033760157833333;5.020157761833334
2017-04-19T03:00:00.000Z;5.034943116666667;5.015335905000001;5.036978659833333
2017-04-19T03:30:00.000Z;5.051243581333334;5.131553450166666;5.055107447166667
2017-04-19T04:00:00.000Z;5.1832783351666665;5.198798853;5.0377678265
2017-04-19T04:30:00.000Z;5.055229192333333;5.164482936333333;5.0311235676666675
2017-04-19T05:00:00.000Z;5.002003853333334;5.356609762000001;5.032043793666666
2017-04-19T05:30:00.000Z;5.005489679666666;5.314116634666667;5.043847118333335
2017-04-19T06:00:00.000Z;5.025697175;5.2329922893333345;5.048775459666667
2017-04-19T06:30:00.000Z;5.029074643166666;5.338734501666667;5.0456792864999995
2017-04-19T07:00:00.000Z;5.0590432776666665;5.228519291333334;5.0236060668333335
2017-04-19T07:30:00.000Z;5.058945423;5.181467460166666;5.0368602241666665
2017-04-19T08:00:00.000Z;5.0642715645;5.176316754333333;5.041975765666667
2017-04-19T08:30:00.000Z;5.049631276666666;5.160614367833333;5.084625866833333
2017-04-19T09:00:00.000Z;5.037162761833334;5.161319593666668;5.0441696196666665
2017-04-19T09:30:00.000Z;5.035038828833333;5.149546614;5.035306465000001
2017-04-19T10:00:00.000Z;5.043897837666667;5.190067255833333;5.0069419863333335
2017-04-19T10:30:00.000Z;5.032096849999999;5.182997274166667;5.058238743833333
2017-04-19T11:00:00.000Z;5.037061531666667;5.229507352;5.050236199333333
2017-04-19T11:30:00.000Z;5.032740047999999;5.248205423;5.093210935666668
2017-04-19T12:00:00.000Z;5.042647028;5.167634716333333;5.1767768485
2017-04-19T12:30:00.000Z;5.035467337166668;5.162481721;5.210809802999999
2017-04-19T13:00:00.000Z;5.031567661666666;5.182451174;5.319090903
2017-04-19T13:30:00.000Z;5.041481699333334;5.186951748499999;5.3012754116666665
2017-04-19T14:00:00.000Z;5.043044001166666;5.200099098333333;5.264041994166667
2017-04-19T14:30:00.000Z;5.116786215833334;5.175644094333333;5.1894267140000006
2017-04-19T15:00:00.000Z;5.057042327666667;5.3017862465;5.189874526833333
2017-04-19T15:30:00.000Z;5.021437803833333;5.178139849333333;5.2066132975
2017-04-19T16:00:00.000Z;5.077313299166667;5.160445426833333;5.0701375796666674
2017-04-19T16:30:00.000Z;5.130752616666666;5.080823257166666;5.028592643833333
2017-04-19T17:00:00.000Z;5.1606478985;5.0520580373333335;5.0273036656666665
2017-04-19T17:30:00.000Z;5.123366487499999;5.0804236708333335;5.034239801166667
2017-04-19T18:00:00.000Z;5.1046917516666666;5.079258691333333;5.037026706833333
2017-04-19T18:30:00.000Z;5.097316597333333;5.0913051178333335;5.0575018585
2017-04-19T19:00:00.000Z;5.0015228825;5.123489688;5.085556760999999
2017-04-19T19:30:00.000Z;5.0402977215;5.100121197999999;5.060675980166667
2017-04-19T20:00:00.000Z;5.036377573666666;5.097087732833333;5.126010523000001
2017-04-19T20:30:00.000Z;5.033528076166666;5.103781969333333;5.049721478166667
2017-04-19T21:00:00.000Z;5.027501251166667;5.124001345499999;5.069748244
2017-04-19T21:30:00.000Z;5.027047253666667;5.1289810365;5.070348799
2017-04-19T22:00:00.000Z;5.032312924833334;5.079501248833333;5.046512717
2017-04-19T22:30:00.000Z;5.009174557833333;5.078232273166667;5.052734207
2017-04-19T23:00:00.000Z;5.0295884805;5.113535323833333;5.041219661666667
2017-04-19T23:30:00.000Z;5.025358961666666;5.0847809738333325;5.050124773333333
2017-04-20T00:00:00.000Z;5.022205933666666;5.050248384666667;5.004290301666667
2017-04-20T00:30:00.000Z;5.039379866666667;5.038130541166667;5.034335336666666
2017-04-20T01:00:00.000Z;5.026487494833333;5.031095484000001;5.0464559865
2017-04-20T01:30:00.000Z;5.040096037500001;5.027471889166667;5.016228391499999
2017-04-20T02:00:00.000Z;5.047470175999999;5.010415037166666;5.033779281166666
2017-04-20T02:30:00.000Z;5.029007326833333;5.018945079000001;5.026735917666667
2017-04-20T03:00:00.000Z;5.025315837666667;5.043095491666667;5.019989566833333
2017-04-20T03:30:00.000Z;5.0342778720000005;5.029802791;5.023915296166667
2017-04-20T04:00:00.000Z;5.034763277166666;5.037952526;5.035515726666667
2017-04-20T04:30:00.000Z;5.0476801380000005;5.022068269666666;5.032021368333333
2017-04-20T05:00:00.000Z;5.042096765;5.032883236;5.042796902166667
2017-04-20T05:30:00.000Z;5.045535412333333;5.023447849166667;5.042426591833332
2017-04-20T06:00:00.000Z;5.062485454833333;5.0435359538333335;5.0476816138333325
2017-04-20T06:30:00.000Z;5.056612049166667;5.080585559166667;5.0041931643333335
2017-04-20T07:00:00.000Z;5.056401726;5.0719724865;5.033276498666667
2017-04-20T07:30:00.000Z;5.064656332833333;5.034959875166666;5.046140966333334
2017-04-20T08:00:00.000Z;5.419716698833334;5.1802226886666665;5.034146127
2017-04-20T08:30:00.000Z;5.371227983;5.345530487666667;5.345662721333333
2017-04-20T09:00:00.000Z;5.380087828;5.3929622828333335;5.423732545500001
2017-04-20T09:30:00.000Z;5.408952442166666;5.373784754333332;5.421285526333333
2017-04-20T10:00:00.000Z;5.401004114333335;5.3798413656666675;5.415315605166666
2017-04-20T10:30:00.000Z;5.476237899333333;5.3719724090000005;5.446064947333333
2017-04-20T11:00:00.000Z;5.553136838;5.388628700166667;5.442719779166667
2017-04-20T11:30:00.000Z;5.412321251000001;5.357711891666667;5.447524018333333
2017-04-20T12:00:00.000Z;5.246784294;5.089847195833333;5.100845379333333
2017-04-20T12:30:00.000Z;5.165054323666667;5.054047022666667;5.067925061
2017-04-20T13:00:00.000Z;5.083570507;5.055658461833334;5.085293367999999
2017-04-20T13:30:00.000Z;5.212193028166666;5.035005540333333;5.060578799833333
2017-04-20T14:00:00.000Z;5.177747659666666;5.044692119333333;5.0597550405
2017-04-20T14:30:00.000Z;5.252464868833334;5.018618973666666;5.055936510333333
2017-04-20T15:00:00.000Z;5.199458910166666;5.0242518936666665;5.083893356
2017-04-20T15:30:00.000Z;5.2287915915;5.0437907085;5.040178833833333
2017-04-20T16:00:00.000Z;5.312979960833332;5.029328985;5.047730304666666
2017-04-20T16:30:00.000Z;5.0164529920000005;5.034782676;5.018176553
2017-04-20T17:00:00.000Z;5.016912144166667;5.0356677095;5.024435834166667
2017-04-20T17:30:00.000Z;5.037265112;5.0316668746666675;5.036107774333333
2017-04-20T18:00:00.000Z;5.0271016775;5.064296641666667;5.112901085833333
2017-04-20T18:30:00.000Z;5.0214294275;5.034972561833334;5.0400167655
2017-04-20T19:00:00.000Z;5.033079319166666;5.043405012166667;5.04338064
2017-04-20T19:30:00.000Z;5.0348194785;5.440911355666667;5.7515741443333335
2017-04-20T20:00:00.000Z;5.129038387166666;5.101833642666667;5.026238613666666
2017-04-20T20:30:00.000Z;5.135502782;5.099062673833333;5.0343901471666666
2017-04-20T21:00:00.000Z;5.064580346166667;5.0778598515;5.0345001105
2017-04-20T21:30:00.000Z;5.0305400355;5.031596919166667;5.024007209166666
2017-04-20T22:00:00.000Z;5.012361001833333;5.043192327;5.040009453666666
2017-04-20T22:30:00.000Z;5.0194298638333334;5.052440524166666;5.035624679166667
2017-04-20T23:00:00.000Z;5.035945101166667;5.036506532166666;5.031015059333334
2017-04-20T23:30:00.000Z;5.030643953166667;5.070975210333334;5.044666975666668
2017-04-21T00:00:00.000Z;4.998175334666666;5.019343628333334;5.054272952
2017-04-21T00:30:00.000Z;5.057374867333333;5.078214832166666;5.0428812805000005
2017-04-21T01:00:00.000Z;5.036371349166667;5.1077189915;5.025128570500001
2017-04-21T01:30:00.000Z;5.027596156166667;5.0719925025;5.022507549000001
2017-04-21T02:00:00.000Z;5.038000781333333;5.0844667418333325;5.0480220765
2017-04-21T02:30:00.000Z;5.018545266166667;5.0789601200000005;5.056338329333333
2017-04-21T03:00:00.000Z;5.013618595333333;5.086112332333333;5.061626829166667
2017-04-21T03:30:00.000Z;5.053211776166667;5.104705360666666;5.0597665009999995
2017-04-21T04:00:00.000Z;5.047289417333333;5.102483647833334;5.0770991595
2017-04-21T04:30:00.000Z;5.0540475591666665;5.082426367499999;5.065342455000001
2017-04-21T05:00:00.000Z;5.070829261666667;5.066935046666667;5.0432238655
2017-04-21T05:30:00.000Z;5.079364034166666;5.080509549;5.0346099539999996
2017-04-21T06:00:00.000Z;5.060279068166667;5.082219807666667;5.063664588833333
2017-04-21T06:30:00.000Z;5.0793551756666675;5.078766172333333;5.046211545166668
2017-04-21T07:00:00.000Z;5.0680093655;5.082134093;5.106476655833334
2017-04-21T07:30:00.000Z;5.1979000771666675;5.2569294184999995;5.194505117333333
2017-04-21T08:00:00.000Z;5.668698428;5.401012980833333;5.446726578833334
2017-04-21T08:30:00.000Z;5.418662137166667;5.371219324333333;5.444293741999999
2017-04-21T09:00:00.000Z;5.401094537833333;5.407053344833334;5.463271360499999
2017-04-21T09:30:00.000Z;5.494343594;5.4167275152;5.4757804913333326
2017-04-21T10:00:00.000Z;5.887120948;5.372634973833333;5.444882806666667
2017-04-21T10:30:00.000Z;5.3828904085;5.366851515166666;5.4304984665000005
2017-04-21T11:00:00.000Z;5.494523719;5.368751691833334;5.455605620499999
2017-04-21T11:30:00.000Z;5.217176309;5.197165999;5.252750619833334
2017-04-21T12:00:00.000Z;5.0236519105;5.030363124166667;5.0687587768333335
2017-04-21T12:30:00.000Z;5.084966884166666;5.097854656;5.055503599166666
2017-04-21T13:00:00.000Z;5.116005793833334;5.869158111333334;5.881702869333334
2017-04-21T13:30:00.000Z;5.0506168505;5.119916856333334;5.040446722166667
2017-04-21T14:00:00.000Z;5.064975284;5.126438641666667;5.061033001166667
2017-04-21T14:30:00.000Z;5.045846375166667;5.043428401;5.0539614225
2017-04-21T15:00:00.000Z;5.0416068030000005;5.042074962;5.060298943666667
2017-04-21T15:30:00.000Z;5.060643302833333;5.065947808000001;5.083768425333333
2017-04-21T16:00:00.000Z;5.030523515333333;5.054915552;5.0374669076666665
2017-04-21T16:30:00.000Z;5.017567368166667;5.04028013;5.032449440166666
2017-04-21T17:00:00.000Z;5.0398963383333335;5.033492802833334;5.0285113358333335
2017-04-21T17:30:00.000Z;5.035225591500001;5.057032329166667;5.041135202
2017-04-21T18:00:00.000Z;5.258875188666667;5.126221163666666;5.032939158666667
2017-04-21T18:30:00.000Z;5.0784226705;5.285665293666666;5.031806617666667
2017-04-21T19:00:00.000Z;5.122572723833333;5.886184744333334;5.3600854385000005
2017-04-21T19:30:00.000Z;5.046175775833333;5.076197744500001;5.0322601638333335
2017-04-21T20:00:00.000Z;5.061519623;5.082672830833334;5.0314057976666655
2017-04-21T20:30:00.000Z;5.039171643833334;5.1019026578333335;5.0659331860000005
2017-04-21T21:00:00.000Z;5.017930895;5.1068789814999995;5.027622778333333
2017-04-21T21:30:00.000Z;5.030566980000001;5.044940992333333;5.0316258755000005
2017-04-21T22:00:00.000Z;5.032448537;5.067998515166667;5.0151939458333334
2017-04-21T22:30:00.000Z;5.0243131775;5.092755503833334;5.0242003786666665
2017-04-21T23:00:00.000Z;5.006202157833333;5.091879996833334;5.0187052754999995
2017-04-21T23:30:00.000Z;5.027581469499999;5.074397630166667;5.027852278166667
2017-04-22T00:00:00.000Z;5.024010226666667;5.089434006666666;5.0140801985
2017-04-22T00:30:00.000Z;5.0677512775;5.093352644333334;5.021101985666666
2017-04-22T01:00:00.000Z;5.047162791833334;5.086368247499999;5.023684868166666
2017-04-22T01:30:00.000Z;5.029398637999999;5.081700608166666;5.027197843500001
2017-04-22T02:00:00.000Z;5.041970471166667;5.070302734833333;5.013571916
2017-04-22T02:30:00.000Z;5.045791186166667;5.087395564833333;5.027284753
2017-04-22T03:00:00.000Z;5.051888532833333;5.097086085666667;5.0322620145
2017-04-22T03:30:00.000Z;5.02095911;5.081546116666666;5.020680137499999
2017-04-22T04:00:00.000Z;5.063980808166668;5.081456393333334;5.009346600166666
2017-04-22T04:30:00.000Z;5.059740469666667;5.083183385666667;5.052538290833333
2017-04-22T05:00:00.000Z;5.080834611333334;5.0835264055;5.0852022045
2017-04-22T05:30:00.000Z;5.095058753666666;5.0975703139999995;5.048181987166667
2017-04-22T06:00:00.000Z;5.104319838666666;5.089861264166666;5.092906162166667
2017-04-22T06:30:00.000Z;5.077717485833333;5.098854294166666;5.138119017999999
2017-04-22T07:00:00.000Z;5.071288054;5.111030613666666;5.076881126
2017-04-22T07:30:00.000Z;5.0724611553333325;5.0734267405;5.083005035666667
2017-04-22T08:00:00.000Z;5.085456310166666;5.087345407666667;5.083607328833334
2017-04-22T08:30:00.000Z;5.064090234666667;5.058079756666666;5.082223407
2017-04-22T09:00:00.000Z;5.050925572166666;5.057447522333334;5.021043979166667
2017-04-22T09:30:00.000Z;5.061975600666666;5.056866739166666;5.039158128
2017-04-22T10:00:00.000Z;5.071449734833334;5.053454944;5.047591536666666
2017-04-22T10:30:00.000Z;5.044979508333333;5.081857826833334;5.050574272333333
2017-04-22T11:00:00.000Z;5.0634546548333335;5.074208131;5.074020878166667
2017-04-22T11:30:00.000Z;5.0345603855;5.0358154310000005;5.0714779315
2017-04-22T12:00:00.000Z;5.069883889333332;5.034539572333333;5.135581770333334
2017-04-22T12:30:00.000Z;5.043458690666667;5.048202161666667;5.0728588105000005
2017-04-22T13:00:00.000Z;5.031275347166666;5.0214174289999995;5.036351727833333
2017-04-22T13:30:00.000Z;5.0802047921666675;5.084738342666667;5.7730497986666665
2017-04-22T14:00:00.000Z;5.048275757;5.044762071;5.086315188333333
2017-04-22T14:30:00.000Z;5.036205339166666;5.019968380666666;5.0457614118333325
2017-04-22T15:00:00.000Z;5.042259992999999;5.133909937333334;5.0387427575
2017-04-22T15:30:00.000Z;5.0562058435;5.0477148045;5.02593745
2017-04-22T16:00:00.000Z;5.037863312333333;5.033102943333334;5.0251726498333324
2017-04-22T16:30:00.000Z;5.047015776833333;5.023349781333333;5.037597551166667
2017-04-22T17:00:00.000Z;5.038910269333334;5.062482663666667;5.046200846
2017-04-22T17:30:00.000Z;5.045076532833334;5.093374706333333;5.034427651666666
2017-04-22T18:00:00.000Z;5.060617049166667;5.102935071166667;5.036875703333334
2017-04-22T18:30:00.000Z;5.048733813999999;5.1205632855;5.105194786833333
2017-04-22T19:00:00.000Z;5.107802405;5.095520206333333;5.031803225833333
2017-04-22T19:30:00.000Z;5.039428001166667;5.049833657333333;5.0336061805000005
2017-04-22T20:00:00.000Z;5.046715249166667;5.0640777801666665;5.046874759666667
2017-04-22T20:30:00.000Z;5.035603516166667;5.0649764355;5.036740476833334
2017-04-22T21:00:00.000Z;5.078690472833333;5.1015054609999995;5.130461630166667
2017-04-22T21:30:00.000Z;5.097056807333334;5.092029430333333;5.0506795129999995
2017-04-22T22:00:00.000Z;5.106644692166666;5.144104621833333;5.0285126878333335
2017-04-22T22:30:00.000Z;5.076153805166667;5.1038339236666665;5.0305112685
2017-04-22T23:00:00.000Z;5.052144423666666;5.0895416525;5.038047345666667
2017-04-22T23:30:00.000Z;5.035954787333334;5.088061748333334;5.041949985833334
2017-04-23T00:00:00.000Z;5.041356917833332;5.1142782865;5.062220136500001
2017-04-23T00:30:00.000Z;5.049867957;5.079485397166667;5.0356660668333335
2017-04-23T01:00:00.000Z;5.067165781333333;5.0889505716666665;5.065638964833334
2017-04-23T01:30:00.000Z;5.087395857000001;5.0231783455;5.099379211833333
2017-04-23T02:00:00.000Z;5.100516564166667;5.038377228333334;5.080754357333333
2017-04-23T02:30:00.000Z;5.076875549166666;5.0399389098333325;5.0686643415
2017-04-23T03:00:00.000Z;5.059295529333333;5.037469201166667;5.0741479048333336
2017-04-23T03:30:00.000Z;5.022492865666667;5.019189844666666;5.061924715
2017-04-23T04:00:00.000Z;5.047497148333334;5.033067186666667;5.0574376146
2017-04-23T04:30:00.000Z;5.0523564945;5.0292347306666665;5.078250700333333
2017-04-23T05:00:00.000Z;5.052155746666667;5.018171749333334;5.040224425666667
2017-04-23T05:30:00.000Z;5.049985375666666;5.041551026166666;5.0152011875
2017-04-23T06:00:00.000Z;5.040962988166666;5.023830440833334;5.031939051666668
2017-04-23T06:30:00.000Z;5.042338077499999;5.023072664666667;5.021961597333334
2017-04-23T07:00:00.000Z;5.048821285833333;5.016877103333333;5.083457205333334
2017-04-23T07:30:00.000Z;5.049989126833332;5.0196368095;5.0300578735
2017-04-23T08:00:00.000Z;5.055279683666666;5.036461758666667;5.045751863333334
2017-04-23T08:30:00.000Z;5.027032633666667;5.017233600833333;5.030528455166667
2017-04-23T09:00:00.000Z;5.035607394166666;5.012500168666667;5.043872628166667
2017-04-23T09:30:00.000Z;5.0606256878;5.105518800333333;5.053042212833333
2017-04-23T10:00:00.000Z;5.041012997833334;5.101708304000001;5.0588323163333335
2017-04-23T10:30:00.000Z;5.066801645666667;5.147047368833333;5.052423036333333
2017-04-23T11:00:00.000Z;5.061875682833333;5.0700596925;5.0407641625
2017-04-23T11:30:00.000Z;5.081435191833333;5.128435496000001;5.045054201666667
2017-04-23T12:00:00.000Z;5.082470432;5.085499751833333;5.0657934120000006
2017-04-23T12:30:00.000Z;5.0390915355;5.0912700368333335;5.048854232166667
2017-04-23T13:00:00.000Z;5.027220557666667;5.089361731833334;5.056423928
2017-04-23T13:30:00.000Z;5.085581388833333;5.0771195166666665;5.049888755833333
2017-04-23T14:00:00.000Z;5.061182519666667;5.028536654499999;5.095389573333333
2017-04-23T14:30:00.000Z;5.0771826465;5.017173765666667;5.095189478666667
2017-04-23T15:00:00.000Z;5.0900549538333335;5.031076018833334;5.052887027666666
2017-04-23T15:30:00.000Z;5.079715724;5.034688552;5.047248859
2017-04-23T16:00:00.000Z;5.096022477666667;5.051057493666666;5.058458183166667
2017-04-23T16:30:00.000Z;5.104797954333333;5.041606213500001;5.0260929475
2017-04-23T17:00:00.000Z;5.059499227666667;5.045461666166667;5.055143500333333
2017-04-23T17:30:00.000Z;5.057375632166667;5.0452709885;5.0591429065
2017-04-23T18:00:00.000Z;5.053801145666667;5.072360762;5.037239373999999
2017-04-23T18:30:00.000Z;5.066531360666667;5.022829949166666;5.026113227
2017-04-23T19:00:00.000Z;5.114202028166667;5.019919679;5.040225581666667
2017-04-23T19:30:00.000Z;5.050038732000001;5.030330773999999;5.019536444500001
2017-04-23T20:00:00.000Z;5.050511079333334;5.0213923933333335;5.053100256666667
2017-04-23T20:30:00.000Z;5.1081374048;5.0196879305;5.0248867318
2017-04-23T21:00:00.000Z;5.0581239705;5.028611128833333;5.088877018333333
2017-04-23T21:30:00.000Z;5.0664711088333325;5.024547180833333;5.059388593833333
2017-04-23T22:00:00.000Z;5.0684760465;5.026193392666666;5.064745311333334
2017-04-23T22:30:00.000Z;5.061229940166666;5.019434816833333;5.076658529166667
2017-04-23T23:00:00.000Z;5.059604966999999;5.036691808833333;5.091233489333333
2017-04-23T23:30:00.000Z;5.0458560665;5.0337209099999995;5.081967264166667
2017-04-24T00:00:00.000Z;5.062768742833334;5.027000167;5.104608107
2017-04-24T00:30:00.000Z;5.075358364166667;5.015895556499999;5.038844647666666
2017-04-24T01:00:00.000Z;5.072182321166667;5.025669458666666;5.047350037666668
2017-04-24T01:30:00.000Z;5.058803174166667;5.028159944666666;5.036441579833333
2017-04-24T02:00:00.000Z;5.112814268666667;5.034664328166667;5.032941524166667
2017-04-24T02:30:00.000Z;5.124493719833334;5.028386986166667;5.017359629166666
2017-04-24T03:00:00.000Z;5.127226988833334;5.0378387731666665;5.061265748333334
2017-04-24T03:30:00.000Z;5.097454555333333;5.024802844666666;5.0249693435
2017-04-24T04:00:00.000Z;5.109083789166667;5.0251496001666665;5.016923158833333
2017-04-24T04:30:00.000Z;5.060125375333333;5.045775496;5.015840297833333
2017-04-24T05:00:00.000Z;5.092387875499999;5.0258701845;5.026985670333333
2017-04-24T05:30:00.000Z;5.108946695666667;5.0410922845;5.020618074166666
2017-04-24T06:00:00.000Z;5.090611287;5.042439878333334;5.069606862666666
2017-04-24T06:30:00.000Z;5.104033942499999;5.102061032666667;5.045675502999999
2017-04-24T07:00:00.000Z;5.1043300165;5.119087239333333;5.022436087666667
2017-04-24T07:30:00.000Z;5.0822898930000004;5.102393403;5.0336382175
2017-04-24T08:00:00.000Z;5.131775769833333;5.1434796574999995;5.0600716915
2017-04-24T08:30:00.000Z;5.424844344333333;5.247935327666667;5.047899287833333
2017-04-24T09:00:00.000Z;5.099403862166667;5.367369573;5.041486439666667
2017-04-24T09:30:00.000Z;5.183463649833333;5.32094958;5.1169009665
2017-04-24T10:00:00.000Z;5.484175545666666;5.466165907;5.5021050635
2017-04-24T10:30:00.000Z;5.412241455500001;5.365761382166666;5.4636774095
2017-04-24T11:00:00.000Z;5.420257636833333;5.373747168333334;5.485377479
2017-04-24T11:30:00.000Z;5.387252954;5.3961566665000005;5.457851540833333
2017-04-24T12:00:00.000Z;5.430793024833332;5.380328559333333;5.539353195833333
2017-04-24T12:30:00.000Z;5.221649075166666;5.269832236666667;5.457030677333333
2017-04-24T13:00:00.000Z;5.0289991254999995;5.047836544666667;5.283561812166667
2017-04-24T13:30:00.000Z;5.102601450500001;5.056830335666667;5.1525837455
2017-04-24T14:00:00.000Z;5.024451776833333;5.0570232226666665;5.131989288833334
2017-04-24T14:30:00.000Z;5.025536616166666;5.056983144;5.056388604666666
2017-04-24T15:00:00.000Z;5.033412669166666;5.0489426925;5.0877870675
2017-04-24T15:30:00.000Z;5.0636626966666665;5.0733111451666675;5.105686708333333
2017-04-24T16:00:00.000Z;5.033890542333332;5.095867378833333;5.1133139675
2017-04-24T16:30:00.000Z;5.0786511825;5.0856010346666665;5.082144223666666
2017-04-24T17:00:00.000Z;5.118324624666667;5.160285738333333;5.097093554166666
2017-04-24T17:30:00.000Z;5.043474103;5.1012019785;5.072096478166666
2017-04-24T18:00:00.000Z;5.017562079666667;5.086442077;5.0575705125
2017-04-24T18:30:00.000Z;5.045435086166666;5.219485690166667;5.069310927666667
2017-04-24T19:00:00.000Z;5.026199372833333;5.156507556666667;5.115919348
2017-04-24T19:30:00.000Z;5.0173379835;5.135707532333334;5.031998481666666
2017-04-24T20:00:00.000Z;5.063640556666667;5.1737442709999995;5.023981746666667
2017-04-24T20:30:00.000Z;5.029314116;5.092457187;5.033696612666667
2017-04-24T21:00:00.000Z;5.041571459499999;5.140787642333333;5.0439289113333325
2017-04-24T21:30:00.000Z;5.0581309435;5.0418125583333335;5.0325206011666666
2017-04-24T22:00:00.000Z;5.071928132;5.015728056666667;5.0412191315
2017-04-24T22:30:00.000Z;5.030365318666667;5.044148919166666;5.042658846666666
2017-04-24T23:00:00.000Z;5.027867187166667;5.027467128166666;5.07994496
2017-04-24T23:30:00.000Z;5.027318125;5.022700881333333;5.0298466925000005
2017-04-25T00:00:00.000Z;5.053944315333333;5.0475307523333335;5.048498001166666
2017-04-25T00:30:00.000Z;5.022936359;5.069482836833333;5.020514597666666
2017-04-25T01:00:00.000Z;5.0584526463333335;5.045453974833333;5.05648795
2017-04-25T01:30:00.000Z;5.275432376166667;5.104342857333333;5.0817236323333335
2017-04-25T02:00:00.000Z;5.356878022333333;5.090826666333333;5.098436670000001
2017-04-25T02:30:00.000Z;5.338981308166666;5.0951259225;5.092787807333333
2017-04-25T03:00:00.000Z;5.15809465;5.0918654949999995;5.076345235333333
2017-04-25T03:30:00.000Z;5.221043659166667;5.1314657755;5.160560021833333
2017-04-25T04:00:00.000Z;5.2572826594999995;5.134545465833334;5.025687020333334
2017-04-25T04:30:00.000Z;5.328954207833333;5.122349075833334;5.048453792666667
2017-04-25T05:00:00.000Z;5.299936171333333;5.126709146666667;5.056252334833333
2017-04-25T05:30:00.000Z;5.072843805333333;5.1199635235;5.253272827333333
2017-04-25T06:00:00.000Z;5.0368563140000004;5.1562819551666665;5.2622896856666665
2017-04-25T06:30:00.000Z;5.046247416666667;5.135808275833333;5.3826359725
2017-04-25T07:00:00.000Z;5.0346607908333345;5.187622818666667;5.240873882333333
2017-04-25T07:30:00.000Z;5.037970657833333;5.1037733715;5.414691519333334
2017-04-25T08:00:00.000Z;5.0413997749999995;5.178046599666667;5.212985289400001
2017-04-25T08:30:00.000Z;5.0295539971666665;5.170548797666666;5.309088881
2017-04-25T09:00:00.000Z;5.036901316333333;5.141480440666666;5.3184595365
2017-04-25T09:30:00.000Z;5.072003649666667;5.143309030833334;5.239904464833334
2017-04-25T10:00:00.000Z;5.0783802578333335;5.278745034833333;5.0893868825
2017-04-25T10:30:00.000Z;5.048816513833334;5.281438701666667;5.080398146833334
2017-04-25T11:00:00.000Z;5.069458842;5.352260831833333;5.232564495666666
2017-04-25T11:30:00.000Z;5.062505636333333;5.269748344166667;5.212612523833333
2017-04-25T12:00:00.000Z;5.093112354333333;5.3816081795;5.213372366000001
2017-04-25T12:30:00.000Z;5.115171331;5.279405270999999;5.333227714
2017-04-25T13:00:00.000Z;5.161690134666666;5.284523620000001;5.2616554185
2017-04-25T13:30:00.000Z;5.130964414166667;5.276577044666666;5.208730056166667
2017-04-25T14:00:00.000Z;5.099224910833334;5.381749348666666;5.137889505166666
2017-04-25T14:30:00.000Z;5.064236919666666;5.548630525833334;5.1144430425
2017-04-25T15:00:00.000Z;5.146814551166666;5.098886975666667;5.0697507533333335
2017-04-25T15:30:00.000Z;5.079510880166667;5.10201914;5.062022630666667
2017-04-25T16:00:00.000Z;5.052990274333333;5.103026881499999;5.220280156333334
2017-04-25T16:30:00.000Z;5.319739431833335;5.602339276833334;5.1544920235000005
2017-04-25T17:00:00.000Z;5.070525406666667;5.047571556;5.170352619833333
2017-04-25T17:30:00.000Z;5.042371512833333;5.8017290715;5.246984307166667
2017-04-25T18:00:00.000Z;5.089357898833334;5.1254875150000005;5.15472753
2017-04-25T18:30:00.000Z;5.083586898333333;5.1245787105;5.137929976166666
2017-04-25T19:00:00.000Z;5.109063741;5.246490100333333;5.150983427166667
2017-04-25T19:30:00.000Z;5.1214977055;5.122426358999999;5.219648946666667
2017-04-25T20:00:00.000Z;5.077516146;5.116843652166667;5.141665741333333
2017-04-25T20:30:00.000Z;5.1098577223333335;5.316907988;5.275998299166667
2017-04-25T21:00:00.000Z;5.089688199333334;5.5513901871666675;6.0689072893333345
2017-04-25T21:30:00.000Z;5.0867135075;5.419779371166666;5.209210585
2017-04-25T22:00:00.000Z;5.090949831;5.283236445166668;5.122161889666667
2017-04-25T22:30:00.000Z;5.065938138833333;5.1712753115;5.1272144373333335
2017-04-25T23:00:00.000Z;5.0705439791666675;5.160684366499999;5.12567549
2017-04-25T23:30:00.000Z;5.126001367000001;6.050862094333333;5.166484434833333
2017-04-26T00:00:00.000Z;5.064054555;5.1821279935;5.122625990333333
2017-04-26T00:30:00.000Z;5.058782241666667;5.1895665465;5.119565144333333
2017-04-26T01:00:00.000Z;5.106872826999999;5.1513699829999995;5.1274653165
2017-04-26T01:30:00.000Z;5.088881725666667;5.2073766531666665;5.101873350666666
2017-04-26T02:00:00.000Z;5.1558952615;5.2268975976666665;5.1136685725
2017-04-26T02:30:00.000Z;5.069670008666667;5.056014381333333;5.084521297833334
2017-04-26T03:00:00.000Z;5.071863141999999;5.054801972666667;5.0827639155
2017-04-26T03:30:00.000Z;5.091225225166666;5.042298644166666;5.072625892333333
2017-04-26T04:00:00.000Z;5.07449208;5.032343511833333;5.078467607166666
2017-04-26T04:30:00.000Z;5.073911394166667;5.047919625666666;5.092923054499999
2017-04-26T05:00:00.000Z;5.076890662499999;5.051093591499999;5.107126232666666
2017-04-26T05:30:00.000Z;5.091420408833333;5.082815603166667;5.094049109666666
2017-04-26T06:00:00.000Z;5.090982098333334;5.0381429635;5.061106535
2017-04-26T06:30:00.000Z;5.176351227833334;5.121233872833333;5.042287039500001
2017-04-26T07:00:00.000Z;5.1734021035;5.026647389666667;5.031389238666667
2017-04-26T07:30:00.000Z;5.196038582833333;5.046009098333333;5.040769529833333
2017-04-26T08:00:00.000Z;5.194342049666666;5.038051038333333;5.024943239166666
2017-04-26T08:30:00.000Z;5.119527260166667;5.078509461333334;5.019224020999999
2017-04-26T09:00:00.000Z;5.1451592176666665;5.065005123166666;5.031214514166667
2017-04-26T09:30:00.000Z;5.160787770833333;5.043555356833333;5.031496294333333
2017-04-26T10:00:00.000Z;5.198383661000001;5.036410237666667;5.0547868424999995
2017-04-26T10:30:00.000Z;5.162107222666667;5.114954223666666;5.043542502666667
2017-04-26T11:00:00.000Z;5.16612506;5.209159646833333;5.081861021333332
2017-04-26T11:30:00.000Z;5.202020806499999;5.158110305666667;5.049023748166667
2017-04-26T12:00:00.000Z;5.171952231666666;5.182913572333333;5.0205741501666665
2017-04-26T12:30:00.000Z;5.1872482015;5.157175942333334;5.039974029833333
2017-04-26T13:00:00.000Z;5.198452055;5.195009538666667;5.6827080455
2017-04-26T13:30:00.000Z;5.186407768833334;5.205878344333334;5.024054071666668
2017-04-26T14:00:00.000Z;5.1997135000000005;5.222384347333334;5.779396352833333
2017-04-26T14:30:00.000Z;5.2036094865;5.216308708833334;5.274208091333333
2017-04-26T15:00:00.000Z;5.0822855518333325;5.0778678495;5.333386576833333
2017-04-26T15:30:00.000Z;5.049061616;5.3483140455000004;5.084502259833333
2017-04-26T16:00:00.000Z;5.09991321;5.119717479333333;5.1429600376666675
2017-04-26T16:30:00.000Z;5.052050329833333;5.117459344666666;5.125053412333333
2017-04-26T17:00:00.000Z;5.063348146;5.655832122666666;5.128924776833333
2017-04-26T17:30:00.000Z;5.0485339106666665;5.248511786166667;5.115986987
2017-04-26T18:00:00.000Z;5.0747863676666665;5.265602683666667;5.131722506833333
2017-04-26T18:30:00.000Z;5.0420991835;5.0936687371666665;5.112903140333334
2017-04-26T19:00:00.000Z;5.039454564333333;5.820737698666666;5.128297024833333
2017-04-26T19:30:00.000Z;5.0541339845;5.789288138333333;5.1198812805000005
2017-04-26T20:00:00.000Z;5.089097814333333;5.147153521166667;5.029360217333333
2017-04-26T20:30:00.000Z;5.042873490666667;5.109412073833333;5.038537908333333
2017-04-26T21:00:00.000Z;5.056205793499999;5.101647266666666;5.036541449666667
2017-04-26T21:30:00.000Z;5.040776352333333;5.0662485185;5.052963386
2017-04-26T22:00:00.000Z;5.015822645333333;5.098042453833334;5.045285817999999
2017-04-26T22:30:00.000Z;5.038451835;5.169581564166667;5.032900825
2017-04-26T23:00:00.000Z;5.0363978818333335;5.170543104;5.046812929166666
2017-04-26T23:30:00.000Z;5.035227416000001;5.103948518166667;5.696148564666667
2017-04-27T00:00:00.000Z;5.058267362;5.065013973166667;5.084376883333333
2017-04-27T00:30:00.000Z;5.0724849569999995;5.048547562;5.073016273833333
2017-04-27T01:00:00.000Z;5.0953900965;5.056851822833333;5.065574209666667
2017-04-27T01:30:00.000Z;5.102718368166667;5.123026146166667;5.083305075999999
2017-04-27T02:00:00.000Z;5.026671606666667;5.568061914166667;5.064676777
2017-04-27T02:30:00.000Z;5.060265470666667;5.0491262573333335;5.710139798499999
2017-04-27T03:00:00.000Z;5.100887670333334;5.0466919765;5.065234063666667
2017-04-27T03:30:00.000Z;5.046088373833333;5.055388683;5.0475641535
2017-04-27T04:00:00.000Z;5.068123699;5.1031912901666665;5.1145418775
2017-04-27T04:30:00.000Z;5.094844816666667;5.187429647666667;5.0705510773333335
2017-04-27T05:00:00.000Z;5.053014569666667;5.163887378666667;5.173258613333334
2017-04-27T05:30:00.000Z;5.039535842833334;5.196326850999999;5.272357287333333
2017-04-27T06:00:00.000Z;5.052322129;5.201165985;5.225971887833333
2017-04-27T06:30:00.000Z;5.142164331166667;5.1222137645;5.169038481666667
2017-04-27T07:00:00.000Z;5.080551577833334;5.9838661622;5.0757114513333335
2017-04-27T07:30:00.000Z;5.242179087666666;5.1311408075;5.109715052833333
2017-04-27T08:00:00.000Z;5.724098073;5.112862036666667;5.0900962955
2017-04-27T08:30:00.000Z;5.067890044166666;5.1468808505;5.060716526999999
2017-04-27T09:00:00.000Z;5.1763188336666675;5.111703575166667;5.0801842575
2017-04-27T09:30:00.000Z;5.206374600166666;5.1140021195;5.08732495
2017-04-27T10:00:00.000Z;5.033835991428572;5.0988963687142865;5.144359981428572
2017-04-27T10:30:00.000Z;5.027818719;5.1069371420000005;5.445336272583333
2017-04-27T11:00:00.000Z;5.036101022666666;5.112721289;5.117835960999999
2017-04-27T11:30:00.000Z;5.047224935;5.112512007333334;5.161637908166667
2017-04-27T12:00:00.000Z;5.022718490666666;5.119157200666667;5.225691696666666
2017-04-27T12:30:00.000Z;5.046044474857142;5.120498023000001;5.136771228
2017-04-27T13:00:00.000Z;5.101259184333334;5.161033774333333;5.099879951
2017-04-27T13:30:00.000Z;5.0566223641666666;5.124638604666667;5.228882275
2017-04-27T14:00:00.000Z;5.066602487166667;5.127091651;5.261727633166666
2017-04-27T14:30:00.000Z;5.038117610833334;5.136575801166667;5.1248788525
2017-04-27T15:00:00.000Z;5.057835243833334;5.115372905666667;5.069629331500001
2017-04-27T15:30:00.000Z;5.092949274333333;5.058012247833333;5.0370835205
2017-04-27T16:00:00.000Z;5.100135212666667;5.054517128666667;5.060162774999999
2017-04-27T16:30:00.000Z;5.145025337666666;5.0367908161666675;5.058233760999999
2017-04-27T17:00:00.000Z;5.210862225166666;5.027516716666667;5.041071789166668
2017-04-27T17:30:00.000Z;5.148001273;5.078552792666666;5.075402644
2017-04-27T18:00:00.000Z;5.0762449641666665;5.127286198833333;5.487982268166667
2017-04-27T18:30:00.000Z;5.1464779646666665;5.079200090333334;5.063834003666666
2017-04-27T19:00:00.000Z;5.099279563833333;5.080392287;5.052367011333334
2017-04-27T19:30:00.000Z;5.309577996833334;5.358908129166667;5.097693948166667
2017-04-27T20:00:00.000Z;5.833110088000001;5.1266814368333335;5.112857199333334
2017-04-27T20:30:00.000Z;5.270757014166667;5.9084935241666665;5.119662419833333
2017-04-27T21:00:00.000Z;5.169322663333333;5.144467431;5.1084499626666675
2017-04-27T21:30:00.000Z;5.1208580863333335;5.0979077508333335;5.075408046333333
2017-04-27T22:00:00.000Z;5.092783846833334;5.084396082833333;5.0435698874999995
2017-04-27T22:30:00.000Z;5.0925935430000004;5.081768269;5.071711241333333
2017-04-27T23:00:00.000Z;5.166891310666666;5.119112261666666;5.060623733
2017-04-27T23:30:00.000Z;5.080849694166667;5.09557376;5.1787674096666665
2017-04-28T00:00:00.000Z;5.043501302999999;5.0747218971666666;5.303966355
2017-04-28T00:30:00.000Z;5.0617440123333335;5.069036286333333;5.2099653225
2017-04-28T01:00:00.000Z;5.047628750666667;5.084559572666667;5.2524038215
2017-04-28T01:30:00.000Z;5.039569359166666;5.097642789666667;5.2034776161666665
2017-04-28T02:00:00.000Z;5.043058206333334;5.1087072749999995;5.326270922166667
2017-04-28T02:30:00.000Z;5.064801211833333;5.167184996;5.258446394833333
2017-04-28T03:00:00.000Z;5.050727142166667;5.091431509;5.336906121166667
2017-04-28T03:30:00.000Z;5.090145164;5.099508163166667;5.274470598166667
2017-04-28T04:00:00.000Z;5.060827361;5.353711845833334;5.056604767333334
2017-04-28T04:30:00.000Z;5.072222160333333;5.254946196333333;5.125464276333333
2017-04-28T05:00:00.000Z;5.062134759666667;5.3504039765;5.074856656166667
2017-04-28T05:30:00.000Z;5.051821487833334;5.335275448166667;5.070111060666666
2017-04-28T06:00:00.000Z;5.0548373018333335;5.292601272;5.048369690833333
2017-04-28T06:30:00.000Z;5.067777535666667;5.405311766166666;5.0778989695000005
2017-04-28T07:00:00.000Z;5.073851577166667;5.322508529666667;5.111247358000001
2017-04-28T07:30:00.000Z;5.074776827;5.414360536499999;5.0817265065
2017-04-28T08:00:00.000Z;5.068728808833334;5.0786212505;5.0594742735
2017-04-28T08:30:00.000Z;5.0669064048333325;5.031106676666667;5.125695468333333
2017-04-28T09:00:00.000Z;5.076021829999999;5.049161208166667;5.0734810139999995
2017-04-28T09:30:00.000Z;5.074025871166667;5.0931554535;5.102283219
2017-04-28T10:00:00.000Z;5.068128903833334;5.0370215735;5.027625607166667
2017-04-28T10:30:00.000Z;5.086332422333334;5.080927608666667;5.055774950333333
2017-04-28T11:00:00.000Z;5.087587735666666;5.035280305666666;5.155442832166666
2017-04-28T11:30:00.000Z;5.0558455185;5.080979946166667;5.101007795666667
2017-04-28T12:00:00.000Z;5.054896822333332;5.852825610499999;5.071320080666667
2017-04-28T12:30:00.000Z;5.049226041833333;5.1072045225;5.148663946166667
2017-04-28T13:00:00.000Z;5.057518593833334;5.082126525333334;5.168657284
2017-04-28T13:30:00.000Z;5.128884366166667;5.08829895;5.195795861500001
2017-04-28T14:00:00.000Z;5.055784922;5.103440874333334;5.088036338333334
2017-04-28T14:30:00.000Z;5.041161415166666;5.111176105166666;5.056967636333334
2017-04-28T15:00:00.000Z;5.056395031166667;5.1191888536666665;5.046871342166667
2017-04-28T15:30:00.000Z;5.085702620833334;5.097305075;5.038702640333334
2017-04-28T16:00:00.000Z;5.076259990833333;5.094860101666666;5.070477170333334
2017-04-28T16:30:00.000Z;5.1247894915000005;5.049795850166666;5.098923884666667
2017-04-28T17:00:00.000Z;5.154090422;5.151227479499999;5.236807044666667
2017-04-28T17:30:00.000Z;5.221244931166666;5.097351559833333;5.055132791166667
2017-04-28T18:00:00.000Z;5.272259109666667;5.074690824666667;5.226984627
2017-04-28T18:30:00.000Z;5.099690213666666;5.069285468833334;5.037891344666667
2017-04-28T19:00:00.000Z;5.073007626666667;5.0599959771666665;5.063849946833334
2017-04-28T19:30:00.000Z;5.151399322833334;5.160637653833334;5.116453995166666
2017-04-28T20:00:00.000Z;7.947879445833334;5.151109360166667;5.154600654166667
2017-04-28T20:30:00.000Z;5.0804340735;5.212467414833333;5.286447781
2017-04-28T21:00:00.000Z;5.782071475166667;5.314829991200001;5.383526078666667
2017-04-28T21:30:00.000Z;5.589836877833334;5.474786503599999;5.1848174892
2017-04-28T22:00:00.000Z;5.1449061825;5.7511005545;5.942095273833334
2017-04-28T22:30:00.000Z;5.087027505166666;5.214153956166666;5.330295364
2017-04-28T23:00:00.000Z;5.090505100833334;5.355143444333333;5.3553176855
2017-04-28T23:30:00.000Z;5.107703293666667;5.249055971;5.317964928166667
2017-04-29T00:00:00.000Z;5.124516978166667;5.3314794789999995;5.359022149499999
2017-04-29T00:30:00.000Z;5.2007857558333335;5.244074435333334;5.2813155494999995
2017-04-29T01:00:00.000Z;5.297668836999999;5.041275127166667;5.017957309
2017-04-29T01:30:00.000Z;5.349774482333333;5.026994190666666;5.029750187833334
2017-04-29T02:00:00.000Z;5.303807678999999;5.0343383741666665;5.032647298166667
2017-04-29T02:30:00.000Z;5.2877754215;5.0435902935;5.031260694999999
2017-04-29T03:00:00.000Z;5.237176808;5.042878268833333;5.052637419
2017-04-29T03:30:00.000Z;5.28529834;5.0306206645;5.050003829
2017-04-29T04:00:00.000Z;5.340124202333333;5.057904564;5.028218557833333
2017-04-29T04:30:00.000Z;5.207884519833334;5.049163891166667;5.038149147166666
2017-04-29T05:00:00.000Z;5.140881883166667;5.2598483725000005;5.142035043833332
2017-04-29T05:30:00.000Z;5.3049533405;5.2451785265;5.3097716088333335
2017-04-29T06:00:00.000Z;5.255162120166667;5.352746947166666;5.358410556333333
2017-04-29T06:30:00.000Z;5.221397098333333;5.3723858636666675;5.420616224166667
2017-04-29T07:00:00.000Z;5.171888154166667;5.320991675166667;5.408699934333332
2017-04-29T07:30:00.000Z;5.296116909666666;5.365367598166667;5.104246299833334
2017-04-29T08:00:00.000Z;5.220336395166667;5.4018274538333335;5.163044907
2017-04-29T08:30:00.000Z;5.183936523833333;5.357543206333333;5.2546012289999995
2017-04-29T09:00:00.000Z;5.1074304843333325;5.221015839166666;5.115795755
2017-04-29T09:30:00.000Z;5.087477321166666;5.025684536833333;5.044576574
2017-04-29T10:00:00.000Z;5.092054616666666;5.039733343333333;5.041844786666666
2017-04-29T10:30:00.000Z;5.112295250333333;5.040164991666667;5.029824439333334
2017-04-29T11:00:00.000Z;5.080167428499999;5.026131431;5.040280837166667
2017-04-29T11:30:00.000Z;5.086798177666666;5.032577833333334;5.0543722204999995
2017-04-29T12:00:00.000Z;5.102777305;5.044718812;5.031007309166667
2017-04-29T12:30:00.000Z;5.106326588;5.021573498166666;5.0486424513333334
2017-04-29T13:00:00.000Z;5.0988380908333335;5.036622086333333;5.113011355333334
2017-04-29T13:30:00.000Z;5.090870215333333;5.070187860166667;5.308022026833333
2017-04-29T14:00:00.000Z;5.079475097833333;5.1527522821666665;5.3941428988333335
2017-04-29T14:30:00.000Z;5.084396760833333;5.065159113333333;5.344461819166668
2017-04-29T15:00:00.000Z;5.094165837166668;5.080548953166666;5.345145258833334
2017-04-29T15:30:00.000Z;5.100807401333333;5.090291326166668;5.242054524666667
2017-04-29T16:00:00.000Z;5.114092609166667;5.047320465666666;5.257204665166666
2017-04-29T16:30:00.000Z;5.140996158;5.046049870666667;5.2010670465
2017-04-29T17:00:00.000Z;5.159538561666667;5.111341131166667;5.2532667706666665
2017-04-29T17:30:00.000Z;5.351932106;5.0673209965;5.295149384666666
2017-04-29T18:00:00.000Z;5.381638482166667;5.048499271666667;5.289659171666667
2017-04-29T18:30:00.000Z;5.318269016666667;5.069781137333333;5.423572157
2017-04-29T19:00:00.000Z;5.2737147035000005;5.047681924833333;5.284454164666667
2017-04-29T19:30:00.000Z;5.289488607333333;5.045681539333334;5.476764684833333
2017-04-29T20:00:00.000Z;5.383120526166667;5.053070356833333;5.414935670833334
2017-04-29T20:30:00.000Z;5.326979302833333;5.047080850333333;5.342253258333334
2017-04-29T21:00:00.000Z;5.536875299166667;5.0414930105;5.383036424166666
2017-04-29T21:30:00.000Z;5.118379760499999;5.062648076833334;5.226021768666667
2017-04-29T22:00:00.000Z;5.072953712666667;5.078552919333333;5.160758649999999
2017-04-29T22:30:00.000Z;5.046525906333333;5.035482174666667;5.2003802981666665
2017-04-29T23:00:00.000Z;5.056539732666667;5.047829832166667;5.305384507833333
2017-04-29T23:30:00.000Z;5.116972052;5.016191355166668;5.257158716
2017-04-30T00:00:00.000Z;5.0654896911666665;5.041178406166667;5.357652263333333
2017-04-30T00:30:00.000Z;5.091873128166667;5.0366601363333325;5.188099477833334
2017-04-30T01:00:00.000Z;5.063264400333334;5.0425593645;5.062281344833333
2017-04-30T01:30:00.000Z;5.1545342781666665;5.0621403806666665;5.0393765256666665
2017-04-30T02:00:00.000Z;5.365168300666667;5.093553594666666;5.040677275499999
2017-04-30T02:30:00.000Z;5.259263774166667;5.068654703333333;5.051522092666667
2017-04-30T03:00:00.000Z;5.299147728666666;5.0682741765;5.052066310333334
2017-04-30T03:30:00.000Z;5.360724520833334;5.060758843333333;5.0549824443333335
2017-04-30T04:00:00.000Z;5.3513223478333325;5.081761288333333;5.044082346833333
2017-04-30T04:30:00.000Z;5.3250435419999995;5.081405384166667;5.066856843
2017-04-30T05:00:00.000Z;5.283250246333332;5.1178798905;5.039334454333333
2017-04-30T05:30:00.000Z;5.309981485166667;5.0703599545;5.05342798
2017-04-30T06:00:00.000Z;5.087863701666667;5.124588592833334;5.031802019
2017-04-30T06:30:00.000Z;5.1028714263333335;5.111979970333333;5.045399679666667
2017-04-30T07:00:00.000Z;5.081862969666667;5.090537002666667;5.0117314613333335
2017-04-30T07:30:00.000Z;5.1482131204999995;5.128754639333333;5.040655238333334
2017-04-30T08:00:00.000Z;5.137507444666667;5.072223599333333;5.026934779333334
2017-04-30T08:30:00.000Z;5.0811420785;5.0454437494999995;5.039217692166667
2017-04-30T09:00:00.000Z;5.106492694499999;5.025641003666666;5.0634423186666675
2017-04-30T09:30:00.000Z;5.1175020465;5.057217170666667;5.022739839333332
2017-04-30T10:00:00.000Z;5.096941212333333;5.035400606666667;5.126940585166667
2017-04-30T10:30:00.000Z;5.050279049999999;5.032741639166667;5.128092436833333
2017-04-30T11:00:00.000Z;5.0726542740000005;5.037738143833333;5.113518944
2017-04-30T11:30:00.000Z;5.056483449166667;5.015034623333333;5.136653454833333
2017-04-30T12:00:00.000Z;5.0615590846666665;5.0426477805;5.131374365999999
2017-04-30T12:30:00.000Z;5.069143648000001;5.055142502;5.283406051000001
2017-04-30T13:00:00.000Z;5.075233732666667;5.073786872666667;5.129148494
2017-04-30T13:30:00.000Z;5.057326652333334;5.065771255333334;5.152551182833333
2017-04-30T14:00:00.000Z;5.1972623165;5.063599163;5.164025118833333
2017-04-30T14:30:00.000Z;5.265000386333334;5.063120447833334;5.132548233333334
2017-04-30T15:00:00.000Z;5.310816916166666;5.0378942460000005;5.077935661333334
2017-04-30T15:30:00.000Z;5.306607862666667;5.0571333555;5.0579077240000005
2017-04-30T16:00:00.000Z;5.322946820000001;5.066048289;5.0853866785
2017-04-30T16:30:00.000Z;5.288122938166667;5.054135966333333;5.064576303333333
2017-04-30T17:00:00.000Z;5.2880839564999995;5.059097846166666;5.073418451999999
2017-04-30T17:30:00.000Z;5.288650700500001;5.057768130333334;5.065451907999999
2017-04-30T18:00:00.000Z;5.304540731166667;5.069125431833332;5.092841445666667
2017-04-30T18:30:00.000Z;5.047203887999999;5.073962845833333;5.042818304
2017-04-30T19:00:00.000Z;5.048727295;5.054575812166667;5.029835918333333
2017-04-30T19:30:00.000Z;5.0290722924999995;5.054204026;5.046598574333333
2017-04-30T20:00:00.000Z;5.039618090166667;5.060970189;5.039338756833334
2017-04-30T20:30:00.000Z;5.052179555166667;5.043698454666667;5.029110674000001
2017-04-30T21:00:00.000Z;5.072038360666666;5.049774072000001;5.032337775833334
2017-04-30T21:30:00.000Z;5.049210971666667;5.066704483166666;5.046921255833333
2017-04-30T22:00:00.000Z;5.052501993833332;5.092134526333333;5.0405439265
2017-04-30T22:30:00.000Z;5.2437748781666675;5.059908482833333;5.230658627333333
2017-04-30T23:00:00.000Z;5.368151536666667;5.103023172;5.268420553166667
2017-04-30T23:30:00.000Z;5.3350766458333325;5.0806286225;5.256836705666666
2017-05-01T00:00:00.000Z;5.220835164;5.079210651166667;5.283185547666666
2017-05-01T00:30:00.000Z;5.246682670999999;5.072164300833333;5.222289444666667
2017-05-01T01:00:00.000Z;5.319283458166667;5.066775425666666;5.275261903
2017-05-01T01:30:00.000Z;5.384482995333333;5.070314063666666;5.274743066
2017-05-01T02:00:00.000Z;5.337427146333334;5.077962519333332;5.284834362333334
2017-05-01T02:30:00.000Z;5.2330204416666675;5.151684702666667;5.203288301166666
2017-05-01T03:00:00.000Z;5.2663454235;5.503219007999999;5.033420417666667
2017-05-01T03:30:00.000Z;5.3192553675;5.356272692666668;5.044866287666667
2017-05-01T04:00:00.000Z;5.241616483333333;5.297228541;5.038901621833333
2017-05-01T04:30:00.000Z;5.3818513218333335;5.270378259499999;5.055608477
2017-05-01T05:00:00.000Z;5.406705136;5.255181387833334;5.045903945166666
2017-05-01T05:30:00.000Z;5.350059917833334;5.2987073958333335;5.063921176833333
2017-05-01T06:00:00.000Z;5.308781540666666;5.306721322333334;5.059866580833333
2017-05-01T06:30:00.000Z;5.356889154166666;5.484000326833333;5.076424419833333
2017-05-01T07:00:00.000Z;5.4042337583333335;5.234927464166667;5.282392473
2017-05-01T07:30:00.000Z;5.226158621833334;5.177625153666667;5.3686976605
2017-05-01T08:00:00.000Z;5.443667370666666;5.186325727500001;5.375963900833334
2017-05-01T08:30:00.000Z;5.276880920500001;5.163780570499999;5.405054403166666
2017-05-01T09:00:00.000Z;5.322543770833334;5.229277082666667;5.2569986029999995
2017-05-01T09:30:00.000Z;5.397328023333333;5.216836949;5.335908404166666
2017-05-01T10:00:00.000Z;5.2557426295;5.242310495500001;5.278172169166667
2017-05-01T10:30:00.000Z;5.2943616875;5.209479574333334;5.284751266333334
2017-05-01T11:00:00.000Z;5.138863803166667;5.213017402666667;5.185471539166667
2017-05-01T11:30:00.000Z;5.058405602666666;5.071853098166667;5.156716124999999
2017-05-01T12:00:00.000Z;5.083926898166666;5.041754168166666;5.164132394499999
2017-05-01T12:30:00.000Z;5.0731224325;5.020860392166667;5.124718973166666
2017-05-01T13:00:00.000Z;5.1271133325;5.037963333666667;5.130623591833333
2017-05-01T13:30:00.000Z;5.104302448000001;5.035379368666667;5.171646872499999
2017-05-01T14:00:00.000Z;5.112347553;5.0383441735000005;5.166756043666667
2017-05-01T14:30:00.000Z;5.148819886666668;5.038758190666666;5.19194989
2017-05-01T15:00:00.000Z;5.1099972845;5.098440720166667;5.152105616166666
2017-05-01T15:30:00.000Z;5.1082899264999995;5.3697070865;5.089074312666667
2017-05-01T16:00:00.000Z;5.1194514076666655;5.3162163045;5.065130031333333
2017-05-01T16:30:00.000Z;5.126311929666667;5.338704079166667;5.0541559786666665
2017-05-01T17:00:00.000Z;5.114972682166667;5.450684316333334;5.0668874295
2017-05-01T17:30:00.000Z;5.125734669833334;5.3142984313333335;5.080602215
2017-05-01T18:00:00.000Z;5.1179882533333325;5.421081464;5.072764586166667
2017-05-01T18:30:00.000Z;5.062200676;5.234825511833334;5.079928875333334
2017-05-01T19:00:00.000Z;5.125758087666667;5.3529118523333326;5.081008696666667
2017-05-01T19:30:00.000Z;5.343779880833334;5.390781918999999;5.312441465666667
2017-05-01T20:00:00.000Z;5.339601806666667;5.326077158666666;5.378587700333333
2017-05-01T20:30:00.000Z;5.325458868166667;5.337916306333334;5.400556914999999
2017-05-01T21:00:00.000Z;5.3033001995;5.355644456;5.331808041833334
2017-05-01T21:30:00.000Z;5.2451902185;5.364312049666666;5.233758957
2017-05-01T22:00:00.000Z;5.407805544666666;5.393388060833334;5.199396993833333
2017-05-01T22:30:00.000Z;5.349255406166666;5.364003057833333;5.3328467175
2017-05-01T23:00:00.000Z;5.444349870333333;5.459251182166667;5.472117381166666
2017-05-01T23:30:00.000Z;6.2943811956;5.2953156505;5.834983550666666
2017-05-02T00:00:00.000Z;5.308410205;5.248954919833333;5.183175399666666
2017-05-02T00:30:00.000Z;5.3314431325;5.330969264833333;5.275338895
2017-05-02T01:00:00.000Z;6.0427417776666665;5.3540527058333325;5.634987721999999
2017-05-02T01:30:00.000Z;5.374611858833334;5.3165477485;5.155627863833334
2017-05-02T02:00:00.000Z;5.361145434166667;5.543799787666667;5.164740836
2017-05-02T02:30:00.000Z;5.3598098516666655;5.9484229504999995;6.240935556
2017-05-02T03:00:00.000Z;6.0652143615;5.420637226166668;5.0873426805
2017-05-02T03:30:00.000Z;5.313410549666666;5.1809220155;5.121798755833334
2017-05-02T04:00:00.000Z;5.33881771;5.109236178000001;5.3594987026666665
2017-05-02T04:30:00.000Z;5.283908517333334;5.096058665166667;5.253964978666667
2017-05-02T05:00:00.000Z;5.300466559833333;5.086600226333334;5.257215463833334
2017-05-02T05:30:00.000Z;5.304715069666666;5.072095834333333;5.350705807
2017-05-02T06:00:00.000Z;5.2794204865;5.078017159833333;5.320286394
2017-05-02T06:30:00.000Z;5.2905593705000005;5.087931832833334;5.247632568
2017-05-02T07:00:00.000Z;5.2309008850000005;5.103628536333333;5.274945148333333
2017-05-02T07:30:00.000Z;5.341454673;5.069700680833334;5.255015795666666
2017-05-02T08:00:00.000Z;5.1034244015;5.065490009166666;5.160916784
2017-05-02T08:30:00.000Z;5.103911946333334;5.2469170405;5.2748500665
2017-05-02T09:00:00.000Z;5.083253467333333;5.0461592635;5.3772920053333335
2017-05-02T09:30:00.000Z;5.100264007833333;5.0368285036666665;5.356974292333334
2017-05-02T10:00:00.000Z;5.0987265905;5.049207799666667;5.349893552166667
2017-05-02T10:30:00.000Z;5.167481488999999;5.062883946166667;5.343174189833333
2017-05-02T11:00:00.000Z;5.111081798;5.047053292166666;5.337489314333333
2017-05-02T11:30:00.000Z;5.112603095833333;5.035406553833333;5.305414472
2017-05-02T12:00:00.000Z;5.1298827035;5.058500596166667;5.1870700835
2017-05-02T12:30:00.000Z;5.1109654895;5.065890895833333;5.0530914608333335
2017-05-02T13:00:00.000Z;5.201685785833334;5.058544986166667;5.071868022333334
2017-05-02T13:30:00.000Z;5.242980791833333;5.0177109065;5.074868041166667
2017-05-02T14:00:00.000Z;5.132925698166667;5.077138728;5.0670071000000005
2017-05-02T14:30:00.000Z;5.210828874333333;5.153582040500001;5.045370874333333
2017-05-02T15:00:00.000Z;5.089784677333333;5.080719664499999;5.1561577345
2017-05-02T15:30:00.000Z;5.096486825833333;5.096962811;5.138331980833334
2017-05-02T16:00:00.000Z;5.082301686;5.069971627;5.0855960174999995
2017-05-02T16:30:00.000Z;5.138285344833333;5.0522508901666665;5.050714223000001
2017-05-02T17:00:00.000Z;5.120925845666666;5.052483673;5.055962681666667
2017-05-02T17:30:00.000Z;5.0800614955;5.091158223833333;5.0520734570000005
2017-05-02T18:00:00.000Z;5.0995132173333335;5.181618203;5.068473420166667
2017-05-02T18:30:00.000Z;5.088700713333333;5.161285548666666;5.0560316475
2017-05-02T19:00:00.000Z;5.090520583666667;5.062819172833334;5.0954581218333335
2017-05-02T19:30:00.000Z;5.080955869;5.026905464833334;5.1001802885
2017-05-02T20:00:00.000Z;5.1347779970000005;5.044531086;5.074046826833334
2017-05-02T20:30:00.000Z;5.273770077666667;5.229342999;5.022890838833334
2017-05-02T21:00:00.000Z;5.2580835155;5.271443239;5.051316238166667
2017-05-02T21:30:00.000Z;5.386801689166667;5.212144034166667;5.040820382666666
2017-05-02T22:00:00.000Z;5.271439941;5.192666278666667;5.0606460945
2017-05-02T22:30:00.000Z;5.3132365015000005;5.347339934666667;5.0573268535
2017-05-02T23:00:00.000Z;5.358378152666667;5.405838847333334;5.0364491854999995
2017-05-02T23:30:00.000Z;5.413746325999999;5.317266209;5.040756274166666
2017-05-03T00:00:00.000Z;5.379034915999999;5.3715763401666665;5.0270620325
2017-05-03T00:30:00.000Z;5.362874115;5.264522206;6.026412426833333
2017-05-03T01:00:00.000Z;5.118886868333333;5.160730314833334;5.382540471833333
2017-05-03T01:30:00.000Z;6.624082979333333;5.123224024833333;5.447674221833332
2017-05-03T02:00:00.000Z;5.0461702608333345;5.1094273655;5.343516108666667
2017-05-03T02:30:00.000Z;5.0689772475;5.114088060666667;5.4148793453333335
2017-05-03T03:00:00.000Z;5.057554109000001;5.099768157333333;5.509537449833334
2017-05-03T03:30:00.000Z;5.0634078833333325;5.109517285833333;5.4019597673333335
2017-05-03T04:00:00.000Z;5.062415042833333;5.110450841666666;5.463035408833334
2017-05-03T04:30:00.000Z;5.067387995;5.110046110833333;5.285574399166667
2017-05-03T05:00:00.000Z;5.0708244171666665;5.045623564666666;5.1417078245
2017-05-03T05:30:00.000Z;5.068433376;5.054135628999999;5.1418874095
2017-05-03T06:00:00.000Z;5.088480494666666;5.046189668833333;5.174968392666666
2017-05-03T06:30:00.000Z;5.079662638833333;5.0469446275;5.121659638
2017-05-03T07:00:00.000Z;5.09880099;5.042842616833334;5.1601104226666665
2017-05-03T07:30:00.000Z;5.0746904325;5.0421237256666664;5.127950130666666
2017-05-03T08:00:00.000Z;5.100013151333333;5.032956073166667;5.1096798115
2017-05-03T08:30:00.000Z;5.096998682166666;5.039360194833333;5.4324788580000005
2017-05-03T09:00:00.000Z;5.340294155833333;5.104170600833333;5.058784918333333
2017-05-03T09:30:00.000Z;5.2184745625;5.076185292833333;5.060168113666666
2017-05-03T10:00:00.000Z;5.340214779166666;5.082254102166666;5.050454828833334
2017-05-03T10:30:00.000Z;5.265382005333334;5.093123156833333;5.0393552555
2017-05-03T11:00:00.000Z;5.3273778585;5.098688469;5.041565383166667
2017-05-03T11:30:00.000Z;5.2858084155;5.044780910666667;5.0625792135
2017-05-03T12:00:00.000Z;5.368454941666666;5.0685395955;5.0582378775
2017-05-03T12:30:00.000Z;5.235332546333333;5.0603025661666665;5.089956002666667
2017-05-03T13:00:00.000Z;5.411942864666667;5.075711091833333;5.405731822000001
2017-05-03T13:30:00.000Z;5.310592649166668;5.056989247833333;5.332102213166666
2017-05-03T14:00:00.000Z;5.499034419666667;5.049500313333334;5.573128435
2017-05-03T14:30:00.000Z;5.065295483333334;5.0531021735;5.411334649833333
2017-05-03T15:00:00.000Z;5.051728919333333;5.048939434166667;5.4359572135
2017-05-03T15:30:00.000Z;5.05287878;5.0518350540000005;5.3756831746666665
2017-05-03T16:00:00.000Z;5.068613964333334;5.047289219666666;5.462852977833333
2017-05-03T16:30:00.000Z;5.067747381;5.055715587999999;5.444750748
2017-05-03T17:00:00.000Z;5.113855377833333;5.102771643666666;5.363460057
2017-05-03T17:30:00.000Z;5.0698241875;5.117282902833333;5.2201190618333335
2017-05-03T18:00:00.000Z;5.0547360186666666;5.104984902333333;5.194392411333332
2017-05-03T18:30:00.000Z;5.085976105;5.091153782166667;5.203295341333334
2017-05-03T19:00:00.000Z;5.5368712616666675;5.651580285166666;5.252429077166666
2017-05-03T19:30:00.000Z;5.118076111666666;5.196577778166667;5.926267318666667
2017-05-03T20:00:00.000Z;5.120536228000001;5.188464145833334;5.309787388999999
2017-05-03T20:30:00.000Z;5.138458604166666;5.174766261333333;6.455474644
2017-05-03T21:00:00.000Z;5.0751272935000005;7.324739686833333;5.351594106166666
2017-05-03T21:30:00.000Z;5.290207752333333;5.280492484833334;5.299915922666666
2017-05-03T22:00:00.000Z;5.299463069166667;5.2847428548333335;5.314609647833334
2017-05-03T22:30:00.000Z;5.211025228666666;5.283851703833332;5.292980703666667
2017-05-03T23:00:00.000Z;5.727990865333332;5.196165414333334;5.2346302095
2017-05-03T23:30:00.000Z;5.1565576695;5.1283725523333334;5.999234176833333
2017-05-04T00:00:00.000Z;5.294570200166667;5.175211707333333;5.251706996
2017-05-04T00:30:00.000Z;5.308083476833333;5.952087215333333;5.332189024333334
2017-05-04T01:00:00.000Z;5.3311587823333335;5.2040265718333325;5.9816884801666665
2017-05-04T01:30:00.000Z;5.735605293;5.123255529333333;5.175707680000001
2017-05-04T02:00:00.000Z;5.425291116;5.232241562333333;5.220743185000001
2017-05-04T02:30:00.000Z;5.6817556431666665;7.0357038245000005;5.353420381833334
2017-05-04T03:00:00.000Z;5.387640955833333;5.129545841166667;5.215960413166667
2017-05-04T03:30:00.000Z;6.389514398333334;5.1851029005;5.284094493666666
2017-05-04T04:00:00.000Z;6.426038312833334;5.391713109333334;5.355939749166667
2017-05-04T04:30:00.000Z;7.6127475925;5.266042159;5.385400036833333
2017-05-04T05:00:00.000Z;5.283247311666667;5.939158945833334;5.164449084666666
2017-05-04T05:30:00.000Z;5.2227128165000005;5.256683632833334;5.119315322666666
2017-05-04T06:00:00.000Z;5.340660354166666;5.0598312713333335;5.188635966333334
2017-05-04T06:30:00.000Z;5.072015963999999;5.010627123833333;5.261645521166666
2017-05-04T07:00:00.000Z;5.055078157166666;5.007200940666667;5.285700442166667
2017-05-04T07:30:00.000Z;5.058088168166666;5.046225618;5.293629320833333
2017-05-04T08:00:00.000Z;5.0902271856666665;5.035236254;5.243514860833334
2017-05-04T08:30:00.000Z;5.090063596833333;5.043715356166667;5.258114082500001
2017-05-04T09:00:00.000Z;5.2376245563333335;5.199860649333334;5.1062564306
2017-05-08T20:00:00.000Z;5.350622654833334;5.131906829166667;5.101863503166667
2017-05-08T20:30:00.000Z;5.2411440618333325;5.114942506666667;5.1834012838
2017-05-08T21:00:00.000Z;5.247220204833333;5.108081022333333;5.3844576129999995
2017-05-08T21:30:00.000Z;5.319008119;5.1158088101666666;5.0925523733333335
2017-05-08T22:00:00.000Z;5.297035334166667;5.0917595438333345;5.058670651833333
2017-05-08T22:30:00.000Z;5.252439843;5.130236399666667;5.092484733166667
2017-05-08T23:00:00.000Z;5.433909423;5.118245883999999;5.041837241333333
2017-05-08T23:30:00.000Z;5.290709853;5.126519115;5.019733924666666
2017-05-09T00:00:00.000Z;5.183836903666667;5.103088528;5.020443147666667
2017-05-09T00:30:00.000Z;5.280804765333333;5.1465213725000005;5.047731994166667
2017-05-09T01:00:00.000Z;7.367009527833333;5.132825455333333;5.0443652345
2017-05-09T01:30:00.000Z;5.591589074666666;6.452168280166666;5.104211332999999
2017-05-09T02:00:00.000Z;5.442472211666668;5.890764903166666;5.0403295385
2017-05-09T02:30:00.000Z;5.408914619000001;5.410058567833333;5.090642354833333
2017-05-09T03:00:00.000Z;5.409082632166666;5.405193914999999;5.112748404
2017-05-09T03:30:00.000Z;5.308037617833333;5.207472091333333;5.083169107000001
2017-05-09T04:00:00.000Z;5.524746657833333;5.183462887666667;5.055873497
2017-05-09T04:30:00.000Z;6.525580250333334;5.295656603199999;5.034403729666667
2017-05-09T05:00:00.000Z;5.293858032666666;5.152621850666667;5.047760487333334
2017-05-09T05:30:00.000Z;5.102655079333333;5.128616806;5.055823709666666
2017-05-09T06:00:00.000Z;5.1396132455000005;5.083670257333334;5.041071757166667
2017-05-09T06:30:00.000Z;5.1150013865;5.050128475166667;5.036776911666667
2017-05-09T07:00:00.000Z;5.306873164666667;5.125471084;5.0693459705
2017-05-09T07:30:00.000Z;5.302678633333334;5.146374962666667;5.0770940976666665
2017-05-09T08:00:00.000Z;5.067212063333333;5.155002284166667;5.1342731744
2017-05-09T08:30:00.000Z;5.057147375;5.097109029166666;5.0565438245
2017-05-09T09:00:00.000Z;5.047703667333334;5.0892858735;5.0626095985
2017-05-09T09:30:00.000Z;5.052307386666667;5.099514238666667;5.0442207344000005
2017-05-09T10:00:00.000Z;5.0591976635;5.037533925666668;5.0533376954
2017-05-09T10:30:00.000Z;5.0534588875;5.113079977666666;5.063211081666666
2017-05-09T11:00:00.000Z;5.047096496333333;5.097031104666667;5.0666340565
2017-05-09T11:30:00.000Z;5.053973636166666;5.068726672666666;5.114891171499999
2017-05-09T12:00:00.000Z;5.071884869333334;5.107318296;5.120604472166666
2017-05-09T12:30:00.000Z;5.162701812499999;5.210201991833333;5.115135155333333
2017-05-09T13:00:00.000Z;5.315756251166667;6.3040775359999985;6.251207321333332
2017-05-09T13:30:00.000Z;7.173356911833333;5.153265008666667;5.2130336496666665
2017-05-09T14:00:00.000Z;5.397244861333334;6.000191874666666;5.223695053333334
2017-05-09T14:30:00.000Z;5.327932585666667;5.950175608166667;5.24064978
2017-05-09T15:00:00.000Z;5.180688655666667;5.437352353833333;5.413007108333332
2017-05-09T15:30:00.000Z;5.354799679666667;5.153666769666667;5.432814938833334
2017-05-09T16:00:00.000Z;5.102830111;5.121151265333333;5.347010751666667
2017-05-09T16:30:00.000Z;5.039721898833334;5.096882904666667;5.357706135166667
2017-05-09T17:00:00.000Z;5.015645842333334;5.101530018;5.339785425999999
2017-05-09T17:30:00.000Z;5.014139466166667;5.059419942999999;5.387846581833334
2017-05-09T18:00:00.000Z;5.0254998305;5.0877296365;5.38270888875

